,antecedents,consequents,antecedent support,consequent support,support,confidence,lift,leverage,conviction,zhangs_metric
0,frozenset({'ChildBks'}),frozenset({'YouthBks'}),0.423,0.2475,0.165,0.3900709219858156,1.5760441292356187,0.060307500000000014,1.23375,0.6334488734835357
1,frozenset({'YouthBks'}),frozenset({'ChildBks'}),0.2475,0.423,0.165,0.6666666666666667,1.5760441292356189,0.060307500000000014,1.7310000000000003,0.4857142857142858
2,frozenset({'ChildBks'}),frozenset({'CookBks'}),0.423,0.431,0.256,0.6052009456264775,1.4041785281356787,0.073687,1.4412395209580837,0.49885588171577133
3,frozenset({'CookBks'}),frozenset({'ChildBks'}),0.431,0.423,0.256,0.5939675174013921,1.4041785281356787,0.073687,1.4210685714285713,0.5058696726713533
4,frozenset({'ChildBks'}),frozenset({'DoItYBks'}),0.423,0.282,0.184,0.43498817966903075,1.542511275422095,0.06471400000000001,1.2707698744769873,0.6095433652324619
5,frozenset({'DoItYBks'}),frozenset({'ChildBks'}),0.282,0.423,0.184,0.6524822695035462,1.5425112754220949,0.06471400000000001,1.6603469387755103,0.4898419522829116
6,frozenset({'ChildBks'}),frozenset({'RefBks'}),0.423,0.2145,0.1515,0.35815602836879434,1.6697250739803933,0.0607665,1.2238176795580111,0.6951455977486831
7,frozenset({'RefBks'}),frozenset({'ChildBks'}),0.2145,0.423,0.1515,0.7062937062937062,1.669725073980393,0.0607665,1.9645476190476185,0.5106289113952771
8,frozenset({'ChildBks'}),frozenset({'ArtBks'}),0.423,0.241,0.1625,0.38416075650118203,1.5940280352746143,0.060557000000000014,1.2324644913627638,0.645855219304093
9,frozenset({'ArtBks'}),frozenset({'ChildBks'}),0.241,0.423,0.1625,0.6742738589211619,1.5940280352746143,0.060557000000000014,1.7714267515923567,0.49098611533394154
10,frozenset({'ChildBks'}),frozenset({'GeogBks'}),0.423,0.276,0.195,0.4609929078014185,1.6702641587007916,0.078252,1.3432105263157896,0.6954806025863219
11,frozenset({'GeogBks'}),frozenset({'ChildBks'}),0.276,0.423,0.195,0.7065217391304347,1.6702641587007914,0.078252,1.9660740740740734,0.5542711432214195
12,frozenset({'ChildBks'}),frozenset({'ItalCook'}),0.423,0.1135,0.085,0.20094562647754138,1.7704460482602764,0.03698950000000001,1.1094363905325442,0.7541951269242534
13,frozenset({'ItalCook'}),frozenset({'ChildBks'}),0.1135,0.423,0.085,0.748898678414097,1.7704460482602766,0.03698950000000001,2.2978771929824564,0.49088616834212545
14,frozenset({'CookBks'}),frozenset({'YouthBks'}),0.431,0.2475,0.162,0.37587006960556846,1.5186669479012866,0.0553275,1.2056784386617099,0.600224565514548
15,frozenset({'YouthBks'}),frozenset({'CookBks'}),0.2475,0.431,0.162,0.6545454545454545,1.5186669479012866,0.0553275,1.6471052631578946,0.4538575119970469
16,frozenset({'DoItYBks'}),frozenset({'YouthBks'}),0.282,0.2475,0.1155,0.40957446808510645,1.6548463356973997,0.04570500000000001,1.2745045045045045,0.5511341026661362
17,frozenset({'YouthBks'}),frozenset({'DoItYBks'}),0.2475,0.282,0.1155,0.4666666666666667,1.6548463356973997,0.04570500000000001,1.34625,0.5258661604176555
18,frozenset({'RefBks'}),frozenset({'YouthBks'}),0.2145,0.2475,0.0965,0.4498834498834499,1.8177109086199996,0.043411250000000005,1.3678919491525423,0.5727021170634856
19,frozenset({'YouthBks'}),frozenset({'RefBks'}),0.2475,0.2145,0.0965,0.3898989898989899,1.8177109086199996,0.043411250000000005,1.2874917218543047,0.5978172929612864
20,frozenset({'ArtBks'}),frozenset({'YouthBks'}),0.241,0.2475,0.101,0.41908713692946065,1.6932813613311541,0.04135250000000001,1.295375,0.5394343782204308
21,frozenset({'YouthBks'}),frozenset({'ArtBks'}),0.2475,0.241,0.101,0.4080808080808081,1.693281361331154,0.04135250000000001,1.2822696245733787,0.5440939442781488
22,frozenset({'GeogBks'}),frozenset({'YouthBks'}),0.276,0.2475,0.1205,0.43659420289855067,1.7640169814082856,0.052189999999999986,1.335627009646302,0.5982210403246141
23,frozenset({'YouthBks'}),frozenset({'GeogBks'}),0.2475,0.276,0.1205,0.48686868686868684,1.7640169814082856,0.052189999999999986,1.4109448818897639,0.5755641637143132
24,frozenset({'ItalCook'}),frozenset({'YouthBks'}),0.1135,0.2475,0.059,0.5198237885462554,2.100298135540426,0.030908749999999995,1.5671330275229354,0.5909499364287284
25,frozenset({'YouthBks'}),frozenset({'ItalCook'}),0.2475,0.1135,0.059,0.23838383838383836,2.100298135540426,0.030908749999999995,1.1639721485411139,0.6961822174671998
26,frozenset({'CookBks'}),frozenset({'DoItYBks'}),0.431,0.282,0.1875,0.43503480278422274,1.5426766056178114,0.06595800000000002,1.2708747433264889,0.6182355008787348
27,frozenset({'DoItYBks'}),frozenset({'CookBks'}),0.282,0.431,0.1875,0.6648936170212767,1.5426766056178114,0.06595800000000002,1.6979682539682543,0.4899387186629528
28,frozenset({'CookBks'}),frozenset({'RefBks'}),0.431,0.2145,0.1525,0.3538283062645012,1.649549213354318,0.06005049999999999,1.21562118491921,0.6920452908467545
29,frozenset({'RefBks'}),frozenset({'CookBks'}),0.2145,0.431,0.1525,0.710955710955711,1.649549213354318,0.06005049999999999,1.9685564516129033,0.5013033360812262
30,frozenset({'CookBks'}),frozenset({'ArtBks'}),0.431,0.241,0.167,0.3874709976798144,1.6077634758498525,0.06312900000000002,1.239125,0.6643549456447388
31,frozenset({'ArtBks'}),frozenset({'CookBks'}),0.241,0.431,0.167,0.6929460580912864,1.6077634758498525,0.06312900000000002,1.853094594594595,0.49804738349388195
32,frozenset({'CookBks'}),frozenset({'GeogBks'}),0.431,0.276,0.1925,0.4466357308584687,1.6182454016611183,0.073544,1.3083605870020965,0.6714354187113414
33,frozenset({'GeogBks'}),frozenset({'CookBks'}),0.276,0.431,0.1925,0.697463768115942,1.6182454016611183,0.073544,1.880766467065868,0.5276888856999354
34,frozenset({'CookBks'}),frozenset({'ItalCook'}),0.431,0.1135,0.1135,0.26334106728538287,2.3201856148491884,0.0645815,1.2034062992125985,1.0
35,frozenset({'ItalCook'}),frozenset({'CookBks'}),0.1135,0.431,0.1135,1.0,2.320185614849188,0.0645815,inf,0.6418499717992104
36,frozenset({'RefBks'}),frozenset({'DoItYBks'}),0.2145,0.282,0.1055,0.49184149184149184,1.7441187653953614,0.045011,1.4129449541284402,0.5431502861400805
37,frozenset({'DoItYBks'}),frozenset({'RefBks'}),0.282,0.2145,0.1055,0.374113475177305,1.7441187653953611,0.045011,1.2550198300283286,0.5942124648510212
38,frozenset({'ArtBks'}),frozenset({'DoItYBks'}),0.241,0.282,0.1235,0.512448132780083,1.8171919602130606,0.055538000000000004,1.472663829787234,0.5924906519872195
39,frozenset({'DoItYBks'}),frozenset({'ArtBks'}),0.282,0.241,0.1235,0.43794326241134757,1.8171919602130604,0.055538000000000004,1.350397476340694,0.6263236836466568
40,frozenset({'GeogBks'}),frozenset({'DoItYBks'}),0.276,0.282,0.1325,0.4800724637681159,1.7023846232911912,0.05466800000000001,1.3809616724738676,0.5698738663608882
41,frozenset({'DoItYBks'}),frozenset({'GeogBks'}),0.282,0.276,0.1325,0.4698581560283689,1.7023846232911914,0.05466800000000001,1.3656722408026758,0.5746360435171074
42,frozenset({'ItalCook'}),frozenset({'DoItYBks'}),0.1135,0.282,0.0585,0.5154185022026432,1.827725185115756,0.026493000000000003,1.4816909090909092,0.5108536885186632
43,frozenset({'DoItYBks'}),frozenset({'ItalCook'}),0.282,0.1135,0.0585,0.20744680851063832,1.827725185115756,0.026493000000000003,1.1185369127516778,0.63074066138133
44,frozenset({'RefBks'}),frozenset({'ArtBks'}),0.2145,0.241,0.0895,0.4172494172494172,1.731325382777665,0.0378055,1.302444,0.5377566151865695
45,frozenset({'ArtBks'}),frozenset({'RefBks'}),0.241,0.2145,0.0895,0.37136929460580914,1.7313253827776651,0.0378055,1.2495412541254125,0.5565320437800398
46,frozenset({'RefBks'}),frozenset({'GeogBks'}),0.2145,0.276,0.1105,0.5151515151515151,1.8664909969257792,0.051297999999999996,1.49325,0.591006103268806
47,frozenset({'GeogBks'}),frozenset({'RefBks'}),0.276,0.2145,0.1105,0.40036231884057966,1.8664909969257792,0.051297999999999996,1.3099577039274921,0.6412089697757555
48,frozenset({'GeogBks'}),frozenset({'ArtBks'}),0.276,0.241,0.1275,0.4619565217391304,1.9168320404113295,0.060984,1.4106666666666665,0.6606434839129021
49,frozenset({'ArtBks'}),frozenset({'GeogBks'}),0.241,0.276,0.1275,0.529045643153527,1.9168320404113295,0.060984,1.5373039647577091,0.6301790281329923
50,frozenset({'ItalCook'}),frozenset({'ArtBks'}),0.1135,0.241,0.0565,0.4977973568281938,2.065549198457236,0.029146500000000002,1.511342105263158,0.5819145590943804
51,frozenset({'ArtBks'}),frozenset({'ItalCook'}),0.241,0.1135,0.0565,0.2344398340248963,2.065549198457236,0.029146500000000002,1.1579756097560976,0.6796670047920529
52,frozenset({'GeogBks'}),frozenset({'ItalCook'}),0.276,0.1135,0.064,0.23188405797101447,2.043031347762242,0.032673999999999995,1.1541226415094339,0.7051536602209943
53,frozenset({'ItalCook'}),frozenset({'GeogBks'}),0.1135,0.276,0.064,0.5638766519823788,2.0430313477622417,0.032673999999999995,1.6600808080808078,0.5758953750705018
54,"frozenset({'ChildBks', 'CookBks'})",frozenset({'YouthBks'}),0.256,0.2475,0.129,0.50390625,2.0359848484848486,0.06564,1.5168503937007873,0.6839209802450613
55,"frozenset({'ChildBks', 'YouthBks'})",frozenset({'CookBks'}),0.165,0.431,0.129,0.7818181818181819,1.8139632988820924,0.057885000000000006,2.607916666666667,0.5373903356078541
56,"frozenset({'CookBks', 'YouthBks'})",frozenset({'ChildBks'}),0.162,0.423,0.129,0.7962962962962963,1.8824971543647666,0.060474,2.8325454545454543,0.5594161070100461
57,frozenset({'ChildBks'}),"frozenset({'CookBks', 'YouthBks'})",0.423,0.162,0.129,0.3049645390070922,1.8824971543647666,0.060474,1.2056938775510204,0.8124622143404135
58,frozenset({'CookBks'}),"frozenset({'ChildBks', 'YouthBks'})",0.431,0.165,0.129,0.29930394431554525,1.8139632988820924,0.057885000000000006,1.1916721854304635,0.7886132341521234
59,frozenset({'YouthBks'}),"frozenset({'ChildBks', 'CookBks'})",0.2475,0.256,0.129,0.5212121212121212,2.0359848484848486,0.06564,1.5539240506329115,0.6761956269798347
60,"frozenset({'ChildBks', 'DoItYBks'})",frozenset({'YouthBks'}),0.184,0.2475,0.095,0.5163043478260869,2.0860781730346947,0.049460000000000004,1.5557303370786515,0.6380288957688338
61,"frozenset({'ChildBks', 'YouthBks'})",frozenset({'DoItYBks'}),0.165,0.282,0.095,0.5757575757575757,2.041693531055233,0.048470000000000006,1.6924285714285712,0.6110305704380714
62,"frozenset({'DoItYBks', 'YouthBks'})",frozenset({'ChildBks'}),0.1155,0.423,0.095,0.8225108225108225,1.9444700295764126,0.0461435,3.25090243902439,0.5491476004879355
63,frozenset({'ChildBks'}),"frozenset({'DoItYBks', 'YouthBks'})",0.423,0.1155,0.095,0.22458628841607567,1.9444700295764126,0.0461435,1.1406814024390244,0.8418042506613154
64,frozenset({'DoItYBks'}),"frozenset({'ChildBks', 'YouthBks'})",0.282,0.165,0.095,0.3368794326241135,2.0416935310552335,0.048470000000000006,1.259197860962567,0.7105996188242195
65,frozenset({'YouthBks'}),"frozenset({'ChildBks', 'DoItYBks'})",0.2475,0.184,0.095,0.38383838383838387,2.086078173034695,0.049460000000000004,1.3243278688524591,0.6918692079034797
66,"frozenset({'ChildBks', 'RefBks'})",frozenset({'YouthBks'}),0.1515,0.2475,0.083,0.5478547854785479,2.2135546888022137,0.04550375,1.6642883211678834,0.6461260480933753
67,"frozenset({'ChildBks', 'YouthBks'})",frozenset({'RefBks'}),0.165,0.2145,0.083,0.503030303030303,2.3451296178568906,0.047607500000000004,1.580579268292683,0.686927350119039
68,"frozenset({'RefBks', 'YouthBks'})",frozenset({'ChildBks'}),0.0965,0.423,0.083,0.8601036269430052,2.033341907666679,0.0421805,4.1244814814814825,0.5624779138690901
69,frozenset({'ChildBks'}),"frozenset({'RefBks', 'YouthBks'})",0.423,0.0965,0.083,0.19621749408983452,2.0333419076666788,0.0421805,1.124060294117647,0.880760476916331
70,frozenset({'RefBks'}),"frozenset({'ChildBks', 'YouthBks'})",0.2145,0.165,0.083,0.386946386946387,2.345129617856891,0.047607500000000004,1.3620342205323193,0.730215579057158
71,frozenset({'YouthBks'}),"frozenset({'ChildBks', 'RefBks'})",0.2475,0.1515,0.083,0.33535353535353535,2.2135546888022137,0.04550375,1.2766185410334345,0.7285554176840252
72,"frozenset({'ChildBks', 'ArtBks'})",frozenset({'YouthBks'}),0.1625,0.2475,0.0805,0.49538461538461537,2.0015540015540014,0.040281250000000005,1.4912347560975607,0.5974784462779272
73,"frozenset({'ChildBks', 'YouthBks'})",frozenset({'ArtBks'}),0.165,0.241,0.0805,0.48787878787878786,2.0243933107003644,0.040735,1.4820710059171596,0.6060177781083795
74,"frozenset({'ArtBks', 'YouthBks'})",frozenset({'ChildBks'}),0.101,0.423,0.0805,0.797029702970297,1.884230976289118,0.037777,2.842780487804877,0.5220016719750723
75,frozenset({'ChildBks'}),"frozenset({'ArtBks', 'YouthBks'})",0.423,0.101,0.0805,0.19030732860520094,1.884230976289118,0.037777,1.1102978102189782,0.8133093641344715
76,frozenset({'ArtBks'}),"frozenset({'ChildBks', 'YouthBks'})",0.241,0.165,0.0805,0.3340248962655602,2.024393310700365,0.040735,1.2538006230529595,0.6666994001587574
77,frozenset({'YouthBks'}),"frozenset({'ChildBks', 'ArtBks'})",0.2475,0.1625,0.0805,0.32525252525252524,2.0015540015540014,0.040281250000000005,1.2412050898203593,0.6649677059903841
78,"frozenset({'ChildBks', 'GeogBks'})",frozenset({'YouthBks'}),0.195,0.2475,0.099,0.5076923076923077,2.051282051282051,0.050737500000000005,1.5285156249999998,0.6366459627329193
79,"frozenset({'ChildBks', 'YouthBks'})",frozenset({'GeogBks'}),0.165,0.276,0.099,0.6,2.1739130434782608,0.05346,1.8099999999999998,0.6467065868263473
80,"frozenset({'GeogBks', 'YouthBks'})",frozenset({'ChildBks'}),0.1205,0.423,0.099,0.8215767634854773,1.9422618522115302,0.04802850000000001,3.233883720930234,0.5516047340947854
81,frozenset({'ChildBks'}),"frozenset({'GeogBks', 'YouthBks'})",0.423,0.1205,0.099,0.23404255319148937,1.94226185221153,0.04802850000000001,1.148236111111111,0.8407909248463843
82,frozenset({'GeogBks'}),"frozenset({'ChildBks', 'YouthBks'})",0.276,0.165,0.099,0.358695652173913,2.1739130434782608,0.05346,1.3020338983050848,0.7458563535911602
83,frozenset({'YouthBks'}),"frozenset({'ChildBks', 'GeogBks'})",0.2475,0.195,0.099,0.4,2.0512820512820515,0.050737500000000005,1.3416666666666666,0.6810631229235882
84,"frozenset({'ChildBks', 'DoItYBks'})",frozenset({'CookBks'}),0.184,0.431,0.146,0.7934782608695652,1.8410168465651164,0.06669599999999999,2.7551578947368416,0.5598307816277195
85,"frozenset({'ChildBks', 'CookBks'})",frozenset({'DoItYBks'}),0.256,0.282,0.146,0.5703125,2.0223847517730498,0.073808,1.6709818181818181,0.67948151421417
86,"frozenset({'CookBks', 'DoItYBks'})",frozenset({'ChildBks'}),0.1875,0.423,0.146,0.7786666666666666,1.8408195429472025,0.0666875,2.606927710843373,0.5621707060063225
87,frozenset({'ChildBks'}),"frozenset({'CookBks', 'DoItYBks'})",0.423,0.1875,0.146,0.34515366430260047,1.8408195429472025,0.0666875,1.2407490974729243,0.7916181951995442
88,frozenset({'DoItYBks'}),"frozenset({'ChildBks', 'CookBks'})",0.282,0.256,0.146,0.5177304964539007,2.0223847517730493,0.073808,1.5427058823529411,0.7040866943946275
89,frozenset({'CookBks'}),"frozenset({'ChildBks', 'DoItYBks'})",0.431,0.184,0.146,0.3387470997679814,1.8410168465651162,0.06669599999999999,1.234021052631579,0.8028504706647086
90,"frozenset({'ChildBks', 'RefBks'})",frozenset({'CookBks'}),0.1515,0.431,0.1225,0.8085808580858086,1.8760576753731057,0.057203500000000004,2.9725344827586206,0.5503445455966712
91,"frozenset({'ChildBks', 'CookBks'})",frozenset({'RefBks'}),0.256,0.2145,0.1225,0.478515625,2.2308420745920747,0.067588,1.5062771535580524,0.7415843756857581
92,"frozenset({'RefBks', 'CookBks'})",frozenset({'ChildBks'}),0.1525,0.423,0.1225,0.8032786885245902,1.8990039917839012,0.0579925,2.9330833333333333,0.5585937029679129
93,frozenset({'ChildBks'}),"frozenset({'RefBks', 'CookBks'})",0.423,0.1525,0.1225,0.28959810874704495,1.8990039917839012,0.0579925,1.1929866888519136,0.8204647543592828
94,frozenset({'RefBks'}),"frozenset({'ChildBks', 'CookBks'})",0.2145,0.256,0.1225,0.5710955710955711,2.2308420745920743,0.067588,1.7346521739130434,0.7024045518907753
95,frozenset({'CookBks'}),"frozenset({'ChildBks', 'RefBks'})",0.431,0.1515,0.1225,0.2842227378190255,1.8760576753731057,0.057203500000000004,1.1854246353322528,0.8206807503317674
96,"frozenset({'ChildBks', 'ArtBks'})",frozenset({'CookBks'}),0.1625,0.431,0.1265,0.7784615384615384,1.8061752632518293,0.0564625,2.568402777777777,0.532947908677954
97,"frozenset({'ChildBks', 'CookBks'})",frozenset({'ArtBks'}),0.256,0.241,0.1265,0.494140625,2.050376037344398,0.064804,1.5004169884169885,0.6885545497046198
98,"frozenset({'CookBks', 'ArtBks'})",frozenset({'ChildBks'}),0.167,0.423,0.1265,0.7574850299401197,1.7907447516314887,0.055859000000000006,2.3792345679012334,0.5300997869503533
99,frozenset({'ChildBks'}),"frozenset({'CookBks', 'ArtBks'})",0.423,0.167,0.1265,0.2990543735224586,1.7907447516314887,0.055859000000000006,1.1883946037099495,0.7652913735349122
100,frozenset({'ArtBks'}),"frozenset({'ChildBks', 'CookBks'})",0.241,0.256,0.1265,0.524896265560166,2.050376037344398,0.064804,1.5659737991266376,0.6749467522796273
101,frozenset({'CookBks'}),"frozenset({'ChildBks', 'ArtBks'})",0.431,0.1625,0.1265,0.29350348027842227,1.8061752632518293,0.0564625,1.1854269293924466,0.7844356300839834
102,"frozenset({'ChildBks', 'CookBks'})",frozenset({'GeogBks'}),0.256,0.276,0.1495,0.583984375,2.1158854166666665,0.07884399999999998,1.740319248826291,0.7088502894954507
103,"frozenset({'ChildBks', 'GeogBks'})",frozenset({'CookBks'}),0.195,0.431,0.1495,0.7666666666666666,1.7788089713843773,0.06545499999999999,2.4385714285714277,0.5438833378341884
104,"frozenset({'CookBks', 'GeogBks'})",frozenset({'ChildBks'}),0.1925,0.423,0.1495,0.7766233766233765,1.835989070031623,0.0680725,2.5830813953488363,0.5638816695486503
105,frozenset({'ChildBks'}),"frozenset({'CookBks', 'GeogBks'})",0.423,0.1925,0.1495,0.3534278959810875,1.8359890700316233,0.0680725,1.2488939670932357,0.7891411579905289
106,frozenset({'CookBks'}),"frozenset({'ChildBks', 'GeogBks'})",0.431,0.195,0.1495,0.3468677494199536,1.7788089713843773,0.06545499999999999,1.2325222024866784,0.7694658821731488
107,frozenset({'GeogBks'}),"frozenset({'ChildBks', 'CookBks'})",0.276,0.256,0.1495,0.5416666666666666,2.1158854166666665,0.07884399999999998,1.6232727272727272,0.7284317892052699
108,"frozenset({'ChildBks', 'ItalCook'})",frozenset({'CookBks'}),0.085,0.431,0.085,1.0,2.320185614849188,0.048365000000000005,inf,0.6218579234972678
109,"frozenset({'ChildBks', 'CookBks'})",frozenset({'ItalCook'}),0.256,0.1135,0.085,0.33203125,2.925385462555066,0.05594400000000001,1.327157894736842,0.8846299810246679
110,"frozenset({'ItalCook', 'CookBks'})",frozenset({'ChildBks'}),0.1135,0.423,0.085,0.748898678414097,1.7704460482602766,0.03698950000000001,2.2978771929824564,0.49088616834212545
111,frozenset({'ChildBks'}),"frozenset({'ItalCook', 'CookBks'})",0.423,0.1135,0.085,0.20094562647754138,1.7704460482602764,0.03698950000000001,1.1094363905325442,0.7541951269242534
112,frozenset({'ItalCook'}),"frozenset({'ChildBks', 'CookBks'})",0.1135,0.256,0.085,0.748898678414097,2.925385462555066,0.05594400000000001,2.962947368421053,0.7424305762914304
113,frozenset({'CookBks'}),"frozenset({'ChildBks', 'ItalCook'})",0.431,0.085,0.085,0.19721577726218098,2.320185614849188,0.048365000000000005,1.1397832369942198,1.0000000000000002
114,"frozenset({'ChildBks', 'RefBks'})",frozenset({'DoItYBks'}),0.1515,0.282,0.09,0.594059405940594,2.106593638087213,0.047277,1.768731707317073,0.6190925162050678
115,"frozenset({'ChildBks', 'DoItYBks'})",frozenset({'RefBks'}),0.184,0.2145,0.09,0.4891304347826087,2.280328367284889,0.050532,1.5375744680851062,0.6880718954248366
116,"frozenset({'RefBks', 'DoItYBks'})",frozenset({'ChildBks'}),0.1055,0.423,0.09,0.8530805687203792,2.0167389331451044,0.0453735,3.927322580645162,0.5636109558412521
117,frozenset({'ChildBks'}),"frozenset({'RefBks', 'DoItYBks'})",0.423,0.1055,0.09,0.2127659574468085,2.0167389331451044,0.0453735,1.1362567567567567,0.8737435008665512
118,frozenset({'RefBks'}),"frozenset({'ChildBks', 'DoItYBks'})",0.2145,0.184,0.09,0.4195804195804196,2.280328367284889,0.050532,1.4058795180722892,0.714788881816253
119,frozenset({'DoItYBks'}),"frozenset({'ChildBks', 'RefBks'})",0.282,0.1515,0.09,0.3191489361702128,2.106593638087213,0.047277,1.246234375,0.7316155988857939
120,"frozenset({'ChildBks', 'ArtBks'})",frozenset({'DoItYBks'}),0.1625,0.282,0.095,0.5846153846153846,2.0731042007637757,0.049175,1.7285185185185186,0.6180675569520817
121,"frozenset({'ChildBks', 'DoItYBks'})",frozenset({'ArtBks'}),0.184,0.241,0.095,0.5163043478260869,2.142341692224427,0.05065600000000001,1.5691685393258425,0.6534571723426214
122,"frozenset({'ArtBks', 'DoItYBks'})",frozenset({'ChildBks'}),0.1235,0.423,0.095,0.7692307692307693,1.8185124568103292,0.042759500000000006,2.5003333333333337,0.5135196805476326
123,frozenset({'ChildBks'}),"frozenset({'ArtBks', 'DoItYBks'})",0.423,0.1235,0.095,0.22458628841607567,1.8185124568103292,0.042759500000000006,1.1303643292682928,0.7800693240901215
124,frozenset({'ArtBks'}),"frozenset({'ChildBks', 'DoItYBks'})",0.241,0.184,0.095,0.39419087136929465,2.1423416922244276,0.05065600000000001,1.3469589041095893,0.7025310311351501
125,frozenset({'DoItYBks'}),"frozenset({'ChildBks', 'ArtBks'})",0.282,0.1625,0.095,0.3368794326241135,2.073104200763775,0.049175,1.2629679144385029,0.7209353467233545
126,"frozenset({'ChildBks', 'DoItYBks'})",frozenset({'GeogBks'}),0.184,0.276,0.1045,0.5679347826086957,2.0577347195967235,0.05371599999999999,1.675672955974843,0.6299371423210431
127,"frozenset({'ChildBks', 'GeogBks'})",frozenset({'DoItYBks'}),0.195,0.282,0.1045,0.5358974358974359,1.900345517366794,0.04951,1.5470718232044198,0.588546464976671
128,"frozenset({'GeogBks', 'DoItYBks'})",frozenset({'ChildBks'}),0.1325,0.423,0.1045,0.7886792452830188,1.8644899415674203,0.048452499999999996,2.7304464285714274,0.5344787170966452
129,frozenset({'ChildBks'}),"frozenset({'GeogBks', 'DoItYBks'})",0.423,0.1325,0.1045,0.2470449172576832,1.8644899415674203,0.048452499999999996,1.1521271585557298,0.8035706881825645
130,frozenset({'DoItYBks'}),"frozenset({'ChildBks', 'GeogBks'})",0.282,0.195,0.1045,0.37056737588652483,1.900345517366794,0.04951,1.2789295774647889,0.6598605909557382
131,frozenset({'GeogBks'}),"frozenset({'ChildBks', 'DoItYBks'})",0.276,0.184,0.1045,0.37862318840579706,2.057734719596723,0.05371599999999999,1.3132128279883384,0.7099844034999604
132,"frozenset({'ChildBks', 'ArtBks'})",frozenset({'RefBks'}),0.1625,0.2145,0.076,0.4676923076923077,2.1803837188452575,0.04114375,1.4756502890173409,0.6464061272584446
133,"frozenset({'ChildBks', 'RefBks'})",frozenset({'ArtBks'}),0.1515,0.241,0.076,0.5016501650165016,2.081535954425318,0.0394885,1.5230264900662251,0.612357721055733
134,"frozenset({'RefBks', 'ArtBks'})",frozenset({'ChildBks'}),0.0895,0.423,0.076,0.8491620111731844,2.007475203719112,0.0381415,3.8252962962962958,0.5511936761178069
135,frozenset({'ChildBks'}),"frozenset({'RefBks', 'ArtBks'})",0.423,0.0895,0.076,0.17966903073286053,2.007475203719112,0.0381415,1.1099178674351584,0.8697778892638878
136,frozenset({'ArtBks'}),"frozenset({'ChildBks', 'RefBks'})",0.241,0.1515,0.076,0.3153526970954357,2.081535954425318,0.0394885,1.2393242424242426,0.6845659108244921
137,frozenset({'RefBks'}),"frozenset({'ChildBks', 'ArtBks'})",0.2145,0.1625,0.076,0.3543123543123543,2.180383718845257,0.04114375,1.2970667870036101,0.6891981305906396
138,"frozenset({'ChildBks', 'RefBks'})",frozenset({'GeogBks'}),0.1515,0.276,0.094,0.6204620462046205,2.2480508920457263,0.052185999999999996,1.9075826086956524,0.6542960669015409
139,"frozenset({'ChildBks', 'GeogBks'})",frozenset({'RefBks'}),0.195,0.2145,0.094,0.48205128205128206,2.247325324248401,0.0521725,1.5165594059405942,0.6894740319809699
140,"frozenset({'RefBks', 'GeogBks'})",frozenset({'ChildBks'}),0.1105,0.423,0.094,0.8506787330316742,2.0110608345902463,0.0472585,3.8641515151515144,0.5652051714446319
141,frozenset({'ChildBks'}),"frozenset({'RefBks', 'GeogBks'})",0.423,0.1105,0.094,0.22222222222222224,2.0110608345902463,0.0472585,1.143642857142857,0.8713171577123051
142,frozenset({'RefBks'}),"frozenset({'ChildBks', 'GeogBks'})",0.2145,0.195,0.094,0.4382284382284382,2.247325324248401,0.0521725,1.432966804979253,0.7065901919092054
143,frozenset({'GeogBks'}),"frozenset({'ChildBks', 'RefBks'})",0.276,0.1515,0.094,0.3405797101449275,2.2480508920457263,0.052185999999999996,1.2867362637362636,0.7668096861408252
144,"frozenset({'ChildBks', 'ArtBks'})",frozenset({'GeogBks'}),0.1625,0.276,0.102,0.6276923076923077,2.274247491638796,0.057149999999999986,1.9446280991735534,0.6690079016681297
145,"frozenset({'ChildBks', 'GeogBks'})",frozenset({'ArtBks'}),0.195,0.241,0.102,0.523076923076923,2.1704436642195977,0.05500499999999999,1.5914516129032255,0.6698940445743514
146,"frozenset({'GeogBks', 'ArtBks'})",frozenset({'ChildBks'}),0.1275,0.423,0.102,0.7999999999999999,1.8912529550827422,0.04806749999999999,2.884999999999999,0.5401146131805157
147,frozenset({'ChildBks'}),"frozenset({'GeogBks', 'ArtBks'})",0.423,0.1275,0.102,0.24113475177304963,1.8912529550827422,0.04806749999999999,1.1497429906542056,0.8167244367417678
148,frozenset({'ArtBks'}),"frozenset({'ChildBks', 'GeogBks'})",0.241,0.195,0.102,0.42323651452282157,2.1704436642195977,0.05500499999999999,1.3957194244604316,0.7104936836394635
149,frozenset({'GeogBks'}),"frozenset({'ChildBks', 'ArtBks'})",0.276,0.1625,0.102,0.36956521739130427,2.2742474916387954,0.057149999999999986,1.3284482758620688,0.7738869028274291
150,"frozenset({'ChildBks', 'ItalCook'})",frozenset({'GeogBks'}),0.085,0.276,0.0525,0.6176470588235293,2.2378516624040916,0.029039999999999993,1.893538461538461,0.604527712724434
151,"frozenset({'ChildBks', 'GeogBks'})",frozenset({'ItalCook'}),0.195,0.1135,0.0525,0.2692307692307692,2.3720772619451034,0.030367499999999995,1.2131052631578945,0.718544809228039
152,"frozenset({'ItalCook', 'GeogBks'})",frozenset({'ChildBks'}),0.064,0.423,0.0525,0.8203125,1.93927304964539,0.025428,3.2111304347826084,0.5174603174603175
153,frozenset({'ChildBks'}),"frozenset({'ItalCook', 'GeogBks'})",0.423,0.064,0.0525,0.12411347517730496,1.93927304964539,0.025428,1.0686315789473684,0.8394156969546919
154,frozenset({'ItalCook'}),"frozenset({'ChildBks', 'GeogBks'})",0.1135,0.195,0.0525,0.46255506607929514,2.3720772619451034,0.030367499999999995,1.497827868852459,0.6524856981709772
155,frozenset({'GeogBks'}),"frozenset({'ChildBks', 'ItalCook'})",0.276,0.085,0.0525,0.1902173913043478,2.2378516624040916,0.029039999999999993,1.1299328859060402,0.7640094711917915
156,"frozenset({'CookBks', 'DoItYBks'})",frozenset({'YouthBks'}),0.1875,0.2475,0.095,0.5066666666666667,2.047138047138047,0.048593750000000005,1.525337837837838,0.6295546558704453
157,"frozenset({'CookBks', 'YouthBks'})",frozenset({'DoItYBks'}),0.162,0.282,0.095,0.5864197530864197,2.079502670519219,0.049316000000000006,1.736059701492537,0.6194699158397187
158,"frozenset({'DoItYBks', 'YouthBks'})",frozenset({'CookBks'}),0.1155,0.431,0.095,0.8225108225108225,1.908377778447384,0.0452195,3.2058292682926828,0.5381512004998364
159,frozenset({'CookBks'}),"frozenset({'DoItYBks', 'YouthBks'})",0.431,0.1155,0.095,0.22041763341067286,1.9083777784473839,0.0452195,1.1345818452380951,0.8365461104430673
160,frozenset({'DoItYBks'}),"frozenset({'CookBks', 'YouthBks'})",0.282,0.162,0.095,0.3368794326241135,2.079502670519219,0.049316000000000006,1.26372192513369,0.7230024923031815
161,frozenset({'YouthBks'}),"frozenset({'CookBks', 'DoItYBks'})",0.2475,0.1875,0.095,0.38383838383838387,2.047138047138047,0.048593750000000005,1.3186475409836067,0.6797517048435042
162,"frozenset({'CookBks', 'RefBks'})",frozenset({'YouthBks'}),0.1525,0.2475,0.0775,0.5081967213114754,2.0533200861069716,0.03975625,1.5300833333333332,0.6052907032067751
163,"frozenset({'CookBks', 'YouthBks'})",frozenset({'RefBks'}),0.162,0.2145,0.0775,0.478395061728395,2.2302800080577856,0.042751,1.50592899408284,0.658264685503118
164,"frozenset({'RefBks', 'YouthBks'})",frozenset({'CookBks'}),0.0965,0.431,0.0775,0.8031088082901554,1.8633615041534928,0.035908499999999996,2.8899210526315784,0.512822893050324
165,frozenset({'CookBks'}),"frozenset({'RefBks', 'YouthBks'})",0.431,0.0965,0.0775,0.17981438515081208,1.863361504153493,0.035908499999999996,1.1015799151343706,0.8142978626906286
166,frozenset({'RefBks'}),"frozenset({'CookBks', 'YouthBks'})",0.2145,0.162,0.0775,0.3613053613053613,2.2302800080577856,0.042751,1.3120510948905109,0.7022607338658343
167,frozenset({'YouthBks'}),"frozenset({'CookBks', 'RefBks'})",0.2475,0.1525,0.0775,0.31313131313131315,2.0533200861069716,0.03975625,1.233860294117647,0.6817061408209195
168,"frozenset({'CookBks', 'ArtBks'})",frozenset({'YouthBks'}),0.167,0.2475,0.081,0.48502994011976047,1.95971692977681,0.0396675,1.4612499999999997,0.5879018273976256
169,"frozenset({'CookBks', 'YouthBks'})",frozenset({'ArtBks'}),0.162,0.241,0.081,0.5,2.074688796680498,0.041958,1.518,0.6181384248210025
170,"frozenset({'ArtBks', 'YouthBks'})",frozenset({'CookBks'}),0.101,0.431,0.081,0.8019801980198019,1.8607429188394475,0.037469,2.8734499999999987,0.5145497740974196
171,frozenset({'CookBks'}),"frozenset({'ArtBks', 'YouthBks'})",0.431,0.101,0.081,0.18793503480278423,1.8607429188394478,0.037469,1.1070542857142858,0.8129705569658705
172,frozenset({'ArtBks'}),"frozenset({'CookBks', 'YouthBks'})",0.241,0.162,0.081,0.3360995850622407,2.074688796680498,0.041958,1.2622375,0.6824769433465085
173,frozenset({'YouthBks'}),"frozenset({'CookBks', 'ArtBks'})",0.2475,0.167,0.081,0.32727272727272727,1.95971692977681,0.0396675,1.238243243243243,0.6507936507936508
174,"frozenset({'CookBks', 'GeogBks'})",frozenset({'YouthBks'}),0.1925,0.2475,0.097,0.503896103896104,2.0359438541256725,0.049356250000000004,1.5168193717277487,0.6301267115636271
175,"frozenset({'CookBks', 'YouthBks'})",frozenset({'GeogBks'}),0.162,0.276,0.097,0.5987654320987654,2.1694399713723382,0.052288,1.804430769230769,0.6432596018994661
176,"frozenset({'GeogBks', 'YouthBks'})",frozenset({'CookBks'}),0.1205,0.431,0.097,0.8049792531120332,1.867701283322583,0.04506450000000001,2.9176382978723407,0.5282347631913635
177,frozenset({'CookBks'}),"frozenset({'GeogBks', 'YouthBks'})",0.431,0.1205,0.097,0.22505800464037123,1.867701283322583,0.04506450000000001,1.1349236526946107,0.8164894098889354
178,frozenset({'GeogBks'}),"frozenset({'CookBks', 'YouthBks'})",0.276,0.162,0.097,0.35144927536231885,2.1694399713723387,0.052288,1.2921117318435753,0.7445463347952384
179,frozenset({'YouthBks'}),"frozenset({'CookBks', 'GeogBks'})",0.2475,0.1925,0.097,0.39191919191919194,2.0359438541256725,0.049356250000000004,1.3279485049833888,0.6761824845018324
180,"frozenset({'CookBks', 'ItalCook'})",frozenset({'YouthBks'}),0.1135,0.2475,0.059,0.5198237885462554,2.100298135540426,0.030908749999999995,1.5671330275229354,0.5909499364287284
181,"frozenset({'CookBks', 'YouthBks'})",frozenset({'ItalCook'}),0.162,0.1135,0.059,0.3641975308641975,3.2087888181867616,0.040612999999999996,1.3943009708737861,0.8214271267343555
182,"frozenset({'ItalCook', 'YouthBks'})",frozenset({'CookBks'}),0.059,0.431,0.059,1.0,2.320185614849188,0.033571000000000004,inf,0.6046758767268864
183,frozenset({'CookBks'}),"frozenset({'ItalCook', 'YouthBks'})",0.431,0.059,0.059,0.1368909512761021,2.3201856148491884,0.033571000000000004,1.090244623655914,1.0000000000000002
184,frozenset({'ItalCook'}),"frozenset({'CookBks', 'YouthBks'})",0.1135,0.162,0.059,0.5198237885462554,3.2087888181867616,0.040612999999999996,1.7451926605504584,0.7764872331679524
185,frozenset({'YouthBks'}),"frozenset({'CookBks', 'ItalCook'})",0.2475,0.1135,0.059,0.23838383838383836,2.100298135540426,0.030908749999999995,1.1639721485411139,0.6961822174671998
186,"frozenset({'RefBks', 'DoItYBks'})",frozenset({'YouthBks'}),0.1055,0.2475,0.058,0.5497630331753555,2.2212647805064867,0.03188875000000001,1.6713421052631579,0.6146517993099594
187,"frozenset({'RefBks', 'YouthBks'})",frozenset({'DoItYBks'}),0.0965,0.282,0.058,0.6010362694300518,2.1313342887590494,0.030787000000000005,1.7996623376623377,0.587504532183272
188,"frozenset({'DoItYBks', 'YouthBks'})",frozenset({'RefBks'}),0.1155,0.2145,0.058,0.5021645021645021,2.341093250184159,0.03322525,1.5778304347826086,0.6476530671916726
189,frozenset({'RefBks'}),"frozenset({'DoItYBks', 'YouthBks'})",0.2145,0.1155,0.058,0.2703962703962704,2.341093250184159,0.03322525,1.2123019169329072,0.7292796154437102
190,frozenset({'DoItYBks'}),"frozenset({'RefBks', 'YouthBks'})",0.282,0.0965,0.058,0.20567375886524825,2.131334288759049,0.030787000000000005,1.137441964285714,0.739290173854577
191,frozenset({'YouthBks'}),"frozenset({'RefBks', 'DoItYBks'})",0.2475,0.1055,0.058,0.23434343434343435,2.2212647805064867,0.03188875000000001,1.1682783641160948,0.7306392484820715
192,"frozenset({'ArtBks', 'DoItYBks'})",frozenset({'YouthBks'}),0.1235,0.2475,0.06,0.48582995951417,1.9629493313703839,0.029433749999999998,1.4635236220472438,0.5596833998859098
193,"frozenset({'ArtBks', 'YouthBks'})",frozenset({'DoItYBks'}),0.101,0.282,0.06,0.594059405940594,2.106593638087213,0.031518,1.768731707317073,0.5843159065628475
194,"frozenset({'DoItYBks', 'YouthBks'})",frozenset({'ArtBks'}),0.1155,0.241,0.06,0.5194805194805194,2.1555208277199975,0.0321645,1.5795405405405405,0.6060768795929905
195,frozenset({'ArtBks'}),"frozenset({'DoItYBks', 'YouthBks'})",0.241,0.1155,0.06,0.24896265560165975,2.155520827719998,0.0321645,1.1777044198895028,0.7062911725955204
196,frozenset({'DoItYBks'}),"frozenset({'ArtBks', 'YouthBks'})",0.282,0.101,0.06,0.2127659574468085,2.106593638087213,0.031518,1.141972972972973,0.731615598885794
197,frozenset({'YouthBks'}),"frozenset({'ArtBks', 'DoItYBks'})",0.2475,0.1235,0.06,0.24242424242424243,1.962949331370384,0.029433749999999998,1.1569800000000001,0.6519102990033223
198,"frozenset({'GeogBks', 'DoItYBks'})",frozenset({'YouthBks'}),0.1325,0.2475,0.068,0.5132075471698113,2.073565847150753,0.03520625,1.5458333333333332,0.5968172571622309
199,"frozenset({'GeogBks', 'YouthBks'})",frozenset({'DoItYBks'}),0.1205,0.282,0.068,0.5643153526970955,2.0011182719755163,0.03401900000000001,1.6479809523809528,0.5688225261679432
200,"frozenset({'DoItYBks', 'YouthBks'})",frozenset({'GeogBks'}),0.1155,0.276,0.068,0.5887445887445888,2.1331325679151765,0.036122,1.760463157894737,0.600571941608752
201,frozenset({'GeogBks'}),"frozenset({'DoItYBks', 'YouthBks'})",0.276,0.1155,0.068,0.24637681159420288,2.1331325679151765,0.036122,1.1736634615384614,0.7337097822554436
202,frozenset({'DoItYBks'}),"frozenset({'GeogBks', 'YouthBks'})",0.282,0.1205,0.068,0.2411347517730497,2.0011182719755163,0.03401900000000001,1.1589672897196261,0.6967679829592005
203,frozenset({'YouthBks'}),"frozenset({'GeogBks', 'DoItYBks'})",0.2475,0.1325,0.068,0.2747474747474748,2.073565847150753,0.03520625,1.196135097493036,0.6880252100840336
204,"frozenset({'RefBks', 'GeogBks'})",frozenset({'YouthBks'}),0.1105,0.2475,0.057,0.5158371040723982,2.0841903194844376,0.02965125,1.5542289719626168,0.5848199757403627
205,"frozenset({'RefBks', 'YouthBks'})",frozenset({'GeogBks'}),0.0965,0.276,0.057,0.5906735751295337,2.1401216490200494,0.030366,1.768759493670886,0.5896367925902194
206,"frozenset({'GeogBks', 'YouthBks'})",frozenset({'RefBks'}),0.1205,0.2145,0.057,0.47302904564315357,2.205263616051998,0.031152750000000003,1.4905944881889766,0.6214206636545886
207,frozenset({'RefBks'}),"frozenset({'GeogBks', 'YouthBks'})",0.2145,0.1205,0.057,0.26573426573426573,2.205263616051998,0.031152750000000003,1.197795238095238,0.6957854534490269
208,frozenset({'GeogBks'}),"frozenset({'RefBks', 'YouthBks'})",0.276,0.0965,0.057,0.20652173913043478,2.1401216490200494,0.030366,1.1386575342465755,0.7358243675487061
209,frozenset({'YouthBks'}),"frozenset({'RefBks', 'GeogBks'})",0.2475,0.1105,0.057,0.23030303030303031,2.084190319484437,0.02965125,1.1556496062992125,0.6912921839482427
210,"frozenset({'GeogBks', 'ArtBks'})",frozenset({'YouthBks'}),0.1275,0.2475,0.065,0.5098039215686274,2.059813824519707,0.03344375,1.5350999999999997,0.5897068547498346
211,"frozenset({'GeogBks', 'YouthBks'})",frozenset({'ArtBks'}),0.1205,0.241,0.065,0.5394190871369295,2.238253473597218,0.035959500000000005,1.6479189189189192,0.6290199851314122
212,"frozenset({'ArtBks', 'YouthBks'})",frozenset({'GeogBks'}),0.101,0.276,0.065,0.6435643564356436,2.331754914621897,0.037124,2.031222222222222,0.6353041841362197
213,frozenset({'GeogBks'}),"frozenset({'ArtBks', 'YouthBks'})",0.276,0.101,0.065,0.23550724637681159,2.3317549146218965,0.037124,1.1759431279620853,0.7888652783680408
214,frozenset({'ArtBks'}),"frozenset({'GeogBks', 'YouthBks'})",0.241,0.1205,0.065,0.26970954356846477,2.238253473597218,0.035959500000000005,1.204315340909091,0.728884159318942
215,frozenset({'YouthBks'}),"frozenset({'GeogBks', 'ArtBks'})",0.2475,0.1275,0.065,0.26262626262626265,2.059813824519707,0.03344375,1.1832534246575344,0.6837464860720676
216,"frozenset({'CookBks', 'RefBks'})",frozenset({'DoItYBks'}),0.1525,0.282,0.0845,0.5540983606557378,1.9648878037437514,0.04149500000000001,1.6102205882352945,0.5794278333420608
217,"frozenset({'CookBks', 'DoItYBks'})",frozenset({'RefBks'}),0.1875,0.2145,0.0845,0.4506666666666667,2.101010101010101,0.04428125000000001,1.4299150485436896,0.6449704142011835
218,"frozenset({'RefBks', 'DoItYBks'})",frozenset({'CookBks'}),0.1055,0.431,0.0845,0.8009478672985783,1.8583477199502976,0.03902950000000001,2.8585476190476196,0.5163639731296782
219,frozenset({'CookBks'}),"frozenset({'RefBks', 'DoItYBks'})",0.431,0.1055,0.0845,0.1960556844547564,1.8583477199502978,0.03902950000000001,1.1126392496392497,0.8117532055615064
220,frozenset({'RefBks'}),"frozenset({'CookBks', 'DoItYBks'})",0.2145,0.1875,0.0845,0.393939393939394,2.101010101010101,0.04428125000000001,1.3406250000000002,0.6671399892278316
221,frozenset({'DoItYBks'}),"frozenset({'CookBks', 'RefBks'})",0.282,0.1525,0.0845,0.29964539007092206,1.9648878037437512,0.04149500000000001,1.210101265822785,0.6839346640075161
222,"frozenset({'CookBks', 'ArtBks'})",frozenset({'DoItYBks'}),0.167,0.282,0.1015,0.6077844311377245,2.155263940204697,0.05440600000000001,1.830625954198473,0.6434810377352913
223,"frozenset({'CookBks', 'DoItYBks'})",frozenset({'ArtBks'}),0.1875,0.241,0.1015,0.5413333333333333,2.2461964038727524,0.05631250000000001,1.654796511627907,0.682834406972338
224,"frozenset({'ArtBks', 'DoItYBks'})",frozenset({'CookBks'}),0.1235,0.431,0.1015,0.8218623481781377,1.90687319762909,0.04827150000000001,3.1941590909090922,0.5425913072312348
225,frozenset({'CookBks'}),"frozenset({'ArtBks', 'DoItYBks'})",0.431,0.1235,0.1015,0.2354988399071926,1.9068731976290898,0.04827150000000001,1.1464992412746586,0.8358194741444243
226,frozenset({'ArtBks'}),"frozenset({'CookBks', 'DoItYBks'})",0.241,0.1875,0.1015,0.42116182572614114,2.246196403872753,0.05631250000000001,1.403673835125448,0.7309656859881748
227,frozenset({'DoItYBks'}),"frozenset({'CookBks', 'ArtBks'})",0.282,0.167,0.1015,0.35992907801418444,2.1552639402046974,0.05440600000000001,1.3014182825484764,0.7465455493502753
228,"frozenset({'CookBks', 'DoItYBks'})",frozenset({'GeogBks'}),0.1875,0.276,0.1085,0.5786666666666667,2.0966183574879227,0.056749999999999995,1.7183544303797467,0.6437433534207727
229,"frozenset({'CookBks', 'GeogBks'})",frozenset({'DoItYBks'}),0.1925,0.282,0.1085,0.5636363636363636,1.9987105093488073,0.054215000000000006,1.6454166666666665,0.6187955657645062
230,"frozenset({'GeogBks', 'DoItYBks'})",frozenset({'CookBks'}),0.1325,0.431,0.1085,0.8188679245283018,1.8999255789519764,0.051392499999999994,3.141354166666665,0.5460099071700819
231,frozenset({'CookBks'}),"frozenset({'GeogBks', 'DoItYBks'})",0.431,0.1325,0.1085,0.2517401392111369,1.8999255789519767,0.051392499999999994,1.1593565891472868,0.8324491994201161
232,frozenset({'DoItYBks'}),"frozenset({'CookBks', 'GeogBks'})",0.282,0.1925,0.1085,0.3847517730496454,1.9987105093488073,0.054215000000000006,1.3124783861671472,0.6959295534189955
233,frozenset({'GeogBks'}),"frozenset({'CookBks', 'DoItYBks'})",0.276,0.1875,0.1085,0.3931159420289855,2.0966183574879227,0.056749999999999995,1.3388059701492536,0.7224329760419583
234,"frozenset({'CookBks', 'ItalCook'})",frozenset({'DoItYBks'}),0.1135,0.282,0.0585,0.5154185022026432,1.827725185115756,0.026493000000000003,1.4816909090909092,0.5108536885186632
235,"frozenset({'CookBks', 'DoItYBks'})",frozenset({'ItalCook'}),0.1875,0.1135,0.0585,0.312,2.748898678414097,0.03721875,1.2885174418604652,0.7830374753451677
236,"frozenset({'ItalCook', 'DoItYBks'})",frozenset({'CookBks'}),0.0585,0.431,0.0585,1.0,2.320185614849188,0.033286500000000004,inf,0.6043547530536378
237,frozenset({'CookBks'}),"frozenset({'ItalCook', 'DoItYBks'})",0.431,0.0585,0.0585,0.1357308584686775,2.320185614849188,0.033286500000000004,1.089359731543624,1.0000000000000002
238,frozenset({'ItalCook'}),"frozenset({'CookBks', 'DoItYBks'})",0.1135,0.1875,0.0585,0.5154185022026432,2.748898678414097,0.03721875,1.6767045454545455,0.7176739410241948
239,frozenset({'DoItYBks'}),"frozenset({'CookBks', 'ItalCook'})",0.282,0.1135,0.0585,0.20744680851063832,1.827725185115756,0.026493000000000003,1.1185369127516778,0.63074066138133
240,"frozenset({'CookBks', 'ArtBks'})",frozenset({'RefBks'}),0.167,0.2145,0.07,0.4191616766467066,1.954133690660637,0.03417850000000001,1.3523556701030928,0.5861516034985425
241,"frozenset({'CookBks', 'RefBks'})",frozenset({'ArtBks'}),0.1525,0.241,0.07,0.459016393442623,1.9046323379361951,0.033247500000000006,1.4030000000000002,0.5604298356510746
242,"frozenset({'RefBks', 'ArtBks'})",frozenset({'CookBks'}),0.0895,0.431,0.07,0.782122905027933,1.8146703132898678,0.03142550000000001,2.611564102564103,0.49306503491017506
243,frozenset({'CookBks'}),"frozenset({'RefBks', 'ArtBks'})",0.431,0.0895,0.07,0.16241299303944318,1.814670313289868,0.03142550000000001,1.087051246537396,0.788990710519709
244,frozenset({'ArtBks'}),"frozenset({'CookBks', 'RefBks'})",0.241,0.1525,0.07,0.29045643153526973,1.904632337936195,0.033247500000000006,1.1944298245614038,0.625776397515528
245,frozenset({'RefBks'}),"frozenset({'CookBks', 'ArtBks'})",0.2145,0.167,0.07,0.3263403263403264,1.954133690660637,0.03417850000000001,1.2365294117647059,0.6215967991270347
246,"frozenset({'CookBks', 'RefBks'})",frozenset({'GeogBks'}),0.1525,0.276,0.089,0.5836065573770491,2.114516512235685,0.04690999999999999,1.7387401574803147,0.6219217129031188
247,"frozenset({'CookBks', 'GeogBks'})",frozenset({'RefBks'}),0.1925,0.2145,0.089,0.4623376623376623,2.1554203372385192,0.047708749999999994,1.460954106280193,0.6638431836365533
248,"frozenset({'RefBks', 'GeogBks'})",frozenset({'CookBks'}),0.1105,0.431,0.089,0.8054298642533936,1.868746784810658,0.041374499999999995,2.9243953488372076,0.5226329651173807
249,frozenset({'CookBks'}),"frozenset({'RefBks', 'GeogBks'})",0.431,0.1105,0.089,0.20649651972157773,1.8687467848106583,0.041374499999999995,1.1209780701754386,0.8170158567168895
250,frozenset({'RefBks'}),"frozenset({'CookBks', 'GeogBks'})",0.2145,0.1925,0.089,0.4149184149184149,2.155420337238519,0.047708749999999994,1.3801494023904382,0.6824358635092511
251,frozenset({'GeogBks'}),"frozenset({'CookBks', 'RefBks'})",0.276,0.1525,0.089,0.32246376811594196,2.114516512235685,0.04690999999999999,1.250855614973262,0.7280091874107641
252,"frozenset({'CookBks', 'ArtBks'})",frozenset({'GeogBks'}),0.167,0.276,0.1035,0.6197604790419161,2.2455089820359277,0.05740799999999999,1.904062992125984,0.6658663465386154
253,"frozenset({'CookBks', 'GeogBks'})",frozenset({'ArtBks'}),0.1925,0.241,0.1035,0.5376623376623376,2.2309640566901976,0.0571075,1.6416573033707864,0.6832981857884268
254,"frozenset({'GeogBks', 'ArtBks'})",frozenset({'CookBks'}),0.1275,0.431,0.1035,0.8117647058823528,1.883444793230517,0.04854749999999999,3.022812499999998,0.5376022590423984
255,frozenset({'CookBks'}),"frozenset({'GeogBks', 'ArtBks'})",0.431,0.1275,0.1035,0.24013921113689093,1.8834447932305172,0.04854749999999999,1.148236641221374,0.8243549578462087
256,frozenset({'ArtBks'}),"frozenset({'CookBks', 'GeogBks'})",0.241,0.1925,0.1035,0.42946058091286304,2.2309640566901976,0.0571075,1.4153272727272728,0.7269608498341957
257,frozenset({'GeogBks'}),"frozenset({'CookBks', 'ArtBks'})",0.276,0.167,0.1035,0.37499999999999994,2.2455089820359277,0.05740799999999999,1.3328,0.7661141804788212
258,"frozenset({'CookBks', 'ArtBks'})",frozenset({'ItalCook'}),0.167,0.1135,0.0565,0.3383233532934132,2.9808224959772085,0.037545499999999996,1.3397782805429863,0.7977456469313388
259,"frozenset({'CookBks', 'ItalCook'})",frozenset({'ArtBks'}),0.1135,0.241,0.0565,0.4977973568281938,2.065549198457236,0.029146500000000002,1.511342105263158,0.5819145590943804
260,"frozenset({'ItalCook', 'ArtBks'})",frozenset({'CookBks'}),0.0565,0.431,0.0565,1.0,2.320185614849188,0.032148499999999997,inf,0.6030736618971912
261,frozenset({'CookBks'}),"frozenset({'ItalCook', 'ArtBks'})",0.431,0.0565,0.0565,0.13109048723897912,2.320185614849188,0.032148499999999997,1.0858437917222963,1.0
262,frozenset({'ArtBks'}),"frozenset({'CookBks', 'ItalCook'})",0.241,0.1135,0.0565,0.2344398340248963,2.065549198457236,0.029146500000000002,1.1579756097560976,0.6796670047920529
263,frozenset({'ItalCook'}),"frozenset({'CookBks', 'ArtBks'})",0.1135,0.167,0.0565,0.4977973568281938,2.9808224959772085,0.037545499999999996,1.6586929824561403,0.7496019446066613
264,"frozenset({'CookBks', 'ItalCook'})",frozenset({'GeogBks'}),0.1135,0.276,0.064,0.5638766519823788,2.0430313477622417,0.032673999999999995,1.6600808080808078,0.5758953750705018
265,"frozenset({'CookBks', 'GeogBks'})",frozenset({'ItalCook'}),0.1925,0.1135,0.064,0.33246753246753247,2.9292293609474225,0.04215125,1.3280252918287938,0.8156201625386996
266,"frozenset({'ItalCook', 'GeogBks'})",frozenset({'CookBks'}),0.064,0.431,0.064,1.0,2.320185614849188,0.036416000000000004,inf,0.607905982905983
267,frozenset({'CookBks'}),"frozenset({'ItalCook', 'GeogBks'})",0.431,0.064,0.064,0.14849187935034802,2.320185614849188,0.036416000000000004,1.099226158038147,1.0000000000000002
268,frozenset({'ItalCook'}),"frozenset({'CookBks', 'GeogBks'})",0.1135,0.1925,0.064,0.5638766519823788,2.929229360947422,0.04215125,1.8515404040404038,0.7429365834743373
269,frozenset({'GeogBks'}),"frozenset({'CookBks', 'ItalCook'})",0.276,0.1135,0.064,0.23188405797101447,2.043031347762242,0.032673999999999995,1.1541226415094339,0.7051536602209943
270,"frozenset({'RefBks', 'ArtBks'})",frozenset({'DoItYBks'}),0.0895,0.282,0.0535,0.5977653631284916,2.1197353302428783,0.028261,1.7850277777777777,0.5801680292742512
271,"frozenset({'RefBks', 'DoItYBks'})",frozenset({'ArtBks'}),0.1055,0.241,0.0535,0.5071090047393365,2.104186741656998,0.028074500000000002,1.539894230769231,0.5866484173793118
272,"frozenset({'ArtBks', 'DoItYBks'})",frozenset({'RefBks'}),0.1235,0.2145,0.0535,0.4331983805668016,2.019572869775299,0.02700925,1.3858464285714285,0.5759792291985434
273,frozenset({'RefBks'}),"frozenset({'ArtBks', 'DoItYBks'})",0.2145,0.1235,0.0535,0.2494172494172494,2.019572869775299,0.02700925,1.1677593167701863,0.6427062945799151
274,frozenset({'ArtBks'}),"frozenset({'RefBks', 'DoItYBks'})",0.241,0.1055,0.0535,0.2219917012448133,2.104186741656998,0.028074500000000002,1.1497306666666667,0.6913794589536159
275,frozenset({'DoItYBks'}),"frozenset({'RefBks', 'ArtBks'})",0.282,0.0895,0.0535,0.1897163120567376,2.1197353302428783,0.028261,1.1236805251641138,0.7357144716632391
276,"frozenset({'RefBks', 'DoItYBks'})",frozenset({'GeogBks'}),0.1055,0.276,0.0585,0.5545023696682465,2.009066556769009,0.029382000000000002,1.625148936170213,0.5614940304711127
277,"frozenset({'RefBks', 'GeogBks'})",frozenset({'DoItYBks'}),0.1105,0.282,0.0585,0.5294117647058824,1.877346683354193,0.027339000000000006,1.52575,0.5253887952032978
278,"frozenset({'GeogBks', 'DoItYBks'})",frozenset({'RefBks'}),0.1325,0.2145,0.0585,0.44150943396226416,2.058319039451115,0.03007875,1.4064695945945946,0.5926993275696446
279,frozenset({'RefBks'}),"frozenset({'GeogBks', 'DoItYBks'})",0.2145,0.1325,0.0585,0.27272727272727276,2.0583190394511153,0.03007875,1.1928124999999998,0.6545724591555273
280,frozenset({'DoItYBks'}),"frozenset({'RefBks', 'GeogBks'})",0.282,0.1105,0.0585,0.20744680851063832,1.877346683354193,0.027339000000000006,1.1223221476510068,0.6508820798514393
281,frozenset({'GeogBks'}),"frozenset({'RefBks', 'DoItYBks'})",0.276,0.1055,0.0585,0.21195652173913043,2.009066556769009,0.029382000000000002,1.1350896551724137,0.6937243235585777
282,"frozenset({'GeogBks', 'ArtBks'})",frozenset({'DoItYBks'}),0.1275,0.282,0.073,0.5725490196078431,2.0303156723682383,0.037045,1.6797247706422016,0.5816226400282608
283,"frozenset({'GeogBks', 'DoItYBks'})",frozenset({'ArtBks'}),0.1325,0.241,0.073,0.5509433962264151,2.286072183512096,0.04106749999999999,1.6902100840336134,0.648493940231337
284,"frozenset({'ArtBks', 'DoItYBks'})",frozenset({'GeogBks'}),0.1235,0.276,0.073,0.5910931174089068,2.1416417297424157,0.03891399999999999,1.7705742574257421,0.608178543240941
285,frozenset({'GeogBks'}),"frozenset({'ArtBks', 'DoItYBks'})",0.276,0.1235,0.073,0.26449275362318836,2.1416417297424157,0.03891399999999999,1.1916945812807882,0.7362824491031559
286,frozenset({'ArtBks'}),"frozenset({'GeogBks', 'DoItYBks'})",0.241,0.1325,0.073,0.3029045643153527,2.2860721835120956,0.04106749999999999,1.2444494047619048,0.741196960672839
287,frozenset({'DoItYBks'}),"frozenset({'GeogBks', 'ArtBks'})",0.282,0.1275,0.073,0.25886524822695034,2.030315672368238,0.037045,1.1772488038277513,0.7067768153546763
288,"frozenset({'RefBks', 'ArtBks'})",frozenset({'GeogBks'}),0.0895,0.276,0.0565,0.6312849162011174,2.287264189134483,0.031798,1.9635757575757578,0.6181180232586393
289,"frozenset({'RefBks', 'GeogBks'})",frozenset({'ArtBks'}),0.1105,0.241,0.0565,0.5113122171945701,2.1216274572388802,0.029869500000000004,1.5531388888888888,0.5943380739900611
290,"frozenset({'GeogBks', 'ArtBks'})",frozenset({'RefBks'}),0.1275,0.2145,0.0565,0.44313725490196076,2.0659079482608895,0.02915125,1.410580985915493,0.5913482262849608
291,frozenset({'RefBks'}),"frozenset({'GeogBks', 'ArtBks'})",0.2145,0.1275,0.0565,0.2634032634032634,2.0659079482608895,0.02915125,1.1845015822784812,0.6568444652242246
292,frozenset({'ArtBks'}),"frozenset({'RefBks', 'GeogBks'})",0.241,0.1105,0.0565,0.2344398340248963,2.1216274572388802,0.029869500000000004,1.1618943089430895,0.696526636118787
293,frozenset({'GeogBks'}),"frozenset({'RefBks', 'ArtBks'})",0.276,0.0895,0.0565,0.20471014492753623,2.287264189134483,0.031798,1.144865603644647,0.7773431770400431
